{
    "bookcase": [
        {
            "title": "shelf 1",
            "id": "s1",
            "books": [
                {
                    "title": "Secrets of the JavaScript Ninja",
                    "isbn": "193398869X",
                    "author": "John Resig",
                    "genre": "Technology"
                },
                {
                    "title": "Ender's Game (The Ender Quintet)",
                    "isbn": "0812550706",
                    "author": "Orson Scott Card",
                    "genre": "Sci Fi"
                },
                {
                    "title": "I, Robot",
                    "isbn": "055338256X",
                    "author": "Isaac Asimov",
                    "genre": "Sci Fi"
                }
            ]
        },
        {
            "title": "shelf 2",
            "id": "s2",
            "books": [
                {
                    "title": "JavaScript Patterns",
                    "isbn": "0596806752",
                    "author": "Stoyan Stefanov",
                    "genre": "Technology"
                },
                {
                    "title": "Abraham Lincoln",
                    "isbn": "0195374525",
                    "author": "James M. McPherson",
                    "genre": "Biography"
                }
            ]
        },
        {
            "title": "shelf 3",
            "id": "s3",
            "books": [
                {
                    "title": "JavaScript: The Good Parts",
                    "isbn": "0596517742",
                    "author": "Douglas Crockford",
                    "genre": "Technology"
                },
                {
                    "title": "A Clash of Kings (A Song of Ice and Fire, Book 2)",
                    "isbn": "0345535421",
                    "author": "R.R. Martin",
                    "genre": "Fantasy"
                },
                {
                    "title": "A Storm of Swords: A Song of Ice and Fire: Book Three",
                    "isbn": "055357342X",
                    "author": "R.R. Martin",
                    "genre": "Fantasy"
                }
            ]
        },
        {
            "title": "shelf 4",
            "id": "s4",
            "books": [
                {
                    "title": "A Game of Thrones (A Song of Ice and Fire, Book 1)",
                    "isbn": "0553593714",
                    "author": "R.R. Martin",
                    "genre": "Fantasy"
                },
                {
                    "title": "Steve Jobs",
                    "isbn": "1451648545",
                    "author": "Walter Isaacson",
                    "genre": "Biography"
                },
                {
                    "title": "Jim Henson: The Biography",
                    "isbn": "0345526112",
                    "author": "Brian Jay Jones",
                    "genre": "Biography"
                },
                {
                    "title": "Do Androids Dream of Electric Sheep?",
                    "isbn": "0345404475",
                    "author": "Philip K. Dick",
                    "genre": "Sci Fi"
                }
            ]
        }
    ]
}